,word
0,Xicak
1,insectiform
2,perry
3,carnaptious
4,Neognathae
5,sprucification
6,Cyathophyllidae
7,initial
8,inkindle
9,unsewered
10,cassie
11,menkind
12,subpeduncular
13,heretically
14,enduringness
15,outwaste
16,thimbleful
17,twofold
18,wile
19,roguishness
20,amphicoelian
21,apneustic
22,chondrocoracoid
23,pothook
24,decrease
25,prior
26,washtub
27,carpocarpal
28,twattle
29,infuscate
30,skelping
31,pyodermatosis
32,disnaturalize
33,confirming
34,methylenitan
35,quinaldine
36,metronomic
37,hypotrichosis
38,hypoptilum
39,snubbishness
40,precompound
41,minuscule
42,myotic
43,unshrugging
44,Scirophoria
45,Mercian
46,scrobicule
47,regardful
48,paragnathism
49,unalliedness
50,I
51,butyraceous
52,thistlelike
53,quodlibet
54,woodwose
55,superendorsement
56,nonnescient
57,pangrammatist
58,perithecial
59,relisher
60,gobbe
61,afterpast
62,consound
63,thyrotropic
64,wickerworker
65,ethine
66,therewithal
67,Triopidae
68,Mayance
69,polyorchism
70,somnambulous
71,hydrotical
72,orrhotherapy
73,overpreach
74,wretchlessness
75,acetylate
76,canun
77,intraperineal
78,unpursuable
79,Banba
80,footpad
81,semilenticular
82,banterer
83,Adinida
84,Cyanastraceae
85,Pfaffian
86,endospermic
87,abhorrently
88,sylphish
89,mesofurcal
90,tocological
91,multisiliquous
92,corodiastasis
93,governmentalism
94,muriform
95,encave
96,phototopographic
97,wriggle
98,counteravouchment
99,hyponoetic
100,unperch
101,urethrovesical
102,cordage
103,uptaker
104,reobtainment
105,ophioglossaceous
106,patapat
107,stubbleberry
108,fishtail
109,equivaliant
110,antitarnish
111,microsphaeric
112,jerker
113,Tacanan
114,unquailingly
115,dermatorrhoea
116,bicondylar
117,demimonk
118,underrigged
119,sensibleness
120,pseudoperculum
121,lymphopoiesis
122,transverberate
123,rescindment
124,dissipative
125,linon
126,greengill
127,Silesian
128,stewardly
129,sophisticism
130,cakebread
131,flowerlet
132,preaortic
133,historiette
134,tritopine
135,conative
136,lunare
137,wretchock
138,Yurujure
139,kwamme
140,sheepback
141,persuadably
142,apprizement
143,simsim
144,hough
145,alimentative
146,expanding
147,expurgation
148,overcovetousness
149,wedged
150,Carolinian
151,oxyacid
152,heteroerotic
153,hematemesis
154,furzed
155,psychopathological
156,Galega
157,rosular
158,starstroke
159,underbough
160,cirri
161,dyserethisia
162,bespeaker
163,pleocrystalline
164,phosphorate
165,monocular
166,truck
167,diter
168,monanthous
169,aerologic
170,overpiteous
171,lapboard
172,unveneered
173,intermediae
174,juristical
175,xenogenetic
176,sarcocystidean
177,benzonaphthol
178,sphygmoscope
179,quadriquadric
180,splenoptosia
181,cycloheptanone
182,necrotypic
183,featherbird
184,Pteridospermae
185,slush
186,sailship
187,preludiously
188,Canichanan
189,litholatry
190,societist
191,electrocutional
192,nonextermination
193,Frenchy
194,parlor
195,salse
196,horticultural
197,broomstick
198,squelchingly
199,Chelydridae
200,antiperistatic
201,ornithodelphous
202,niceish
203,chloritoid
204,bevelled
205,cycloidal
206,iyo
207,unsoulful
208,heortology
209,upsit
210,spherable
211,neurological
212,dactyloid
213,unsacramental
214,stodge
215,subrepent
216,viaggiatory
217,misreason
218,troughwise
219,beballed
220,achage
221,preconcede
222,thoracectomy
223,pteridophytous
224,semidivine
225,fornicator
226,scuttler
227,uncomplainingness
228,pentatone
229,archsteward
230,misteach
231,headledge
232,phyllophyte
233,shovelweed
234,sexenary
235,schoolward
236,pout
237,spongiousness
238,octateuch
239,fluke
240,hierographer
241,anacanth
242,biophysiological
243,stupendous
244,undertake
245,beboss
246,safeguard
247,jambo
248,scuffed
249,coemptionator
250,aconitine
251,kittul
252,hierographic
253,predeceive
254,sternoclavicular
255,abstemiousness
256,dentale
257,obnounce
258,supinate
259,habenar
260,Athanasianist
261,corach
262,Latinian
263,Ausonian
264,melanian
265,pintle
266,toughish
267,inveiglement
268,praise
269,imbrutement
270,disgustfulness
271,amakebe
272,fastidiously
273,English
274,thighbone
275,slobbers
276,whipman
277,nauger
278,disportive
279,Xiphodontidae
280,supersilent
281,Yojuane
282,landreeve
283,shoddyism
284,bepewed
285,reptatorial
286,versableness
287,gonangial
288,hyperpiesis
289,vineal
290,chansonnette
291,Sphaerocarpus
292,Eriophyes
293,taintproof
294,kinghood
295,glimmerous
296,untemptably
297,treachery
298,unvirginlike
299,myomelanosis
300,connately
301,dicodeine
302,ferrate
303,carpentering
304,sparrow
305,thermotic
306,pyronine
307,witchy
308,Sabinian
309,polyploidic
310,Asiatican
311,intue
312,concubinehood
313,arsenious
314,Taetsia
315,mummichog
316,plumbage
317,Bikukulla
318,cranreuch
319,paraparetic
320,impious
321,connivance
322,Lelia
323,orle
324,dividing
325,cystoid
326,palmitic
327,ledge
328,untaut
329,glycosine
330,Paeonian
331,barse
332,abwab
333,topmost
334,corollaceous
335,unmeritoriousness
336,cataclastic
337,amomum
338,forehalf
339,majesticness
340,accersitor
341,prefulgence
342,vocabular
343,enunciative
344,Binitarianism
345,broche
346,ichthyodian
347,disrate
348,interferric
349,rowen
350,bumbailiff
351,salification
352,depreciator
353,Hemimyaria
354,stertorious
355,leucopoietic
356,abscind
357,silicyl
358,pseudocyesis
359,pseudoerotic
360,outwore
361,thinking
362,santene
363,ultraoutrageous
364,smacksman
365,taurokathapsia
366,odorant
367,pneumonocace
368,telegraphone
369,ichthyologist
370,semidecussation
371,anaematosis
372,reproach
373,bubal
374,nitrolic
375,anguishful
376,paleological
377,skewly
378,wough
379,prereption
380,fabricative
381,clive
382,particularistic
383,tarrow
384,priggishly
385,monocularity
386,isosporic
387,overtoil
388,phenazine
389,Bornean
390,bulbiferous
391,sexadecimal
392,fledgeless
393,taintable
394,anoegenetic
395,subpredication
396,excresce
397,braggardism
398,magnetitic
399,lenthways
400,epiploce
401,chromocratic
402,waterflood
403,enragement
404,hydroid
405,gemmy
406,pyrrolic
407,myxomycetous
408,disparation
409,emplacement
410,xanthelasmoidea
411,cyanicide
412,roguish
413,Alya
414,trioctile
415,aleutite
416,bacterioid
417,scur
418,anthropurgic
419,timeous
420,acmesthesia
421,phaeophyceous
422,hallel
423,merkin
424,sulphoricinate
425,stonecrop
426,planar
427,hymnologically
428,peripatetical
429,gastrorrhaphy
430,test
431,backstroke
432,nocturn
433,projacient
434,ventriculous
435,correcting
436,zootic
437,pilpul
438,metatatic
439,nonblended
440,relime
441,circumocular
442,conin
443,kinswoman
444,sensate
445,Japanesque
446,unstavable
447,symphytic
448,adnominal
449,tetrapteran
450,heretical
451,auriculate
452,magistrant
453,encephalocoele
454,Amomis
455,capple
456,radiolarian
457,thetine
458,houseward
459,postlenticular
460,burnfire
461,writing
462,coleur
463,geotonic
464,discutient
465,rebear
466,unisolate
467,governing
468,acalycal
469,revengingly
470,epipteric
471,philogynist
472,Wallonian
473,chemosmotic
474,pantopterous
475,wheeziness
476,Peripatus
477,milium
478,autopoisonous
479,heliolithic
480,saprolegnious
481,solicit
482,padlock
483,prickly
484,squib
485,merchant
486,rhizopodous
487,ophiophobia
488,ectozoic
489,incitant
490,huge
491,snowslide
492,fibrinosis
493,homoeotic
494,Belialic
495,overtediously
496,desulphurizer
497,hereditary
498,syncytioma
499,working
500,morricer
501,teaching
502,trousering
503,Dondia
504,senile
505,brownish
506,spermatozoic
507,trusting
508,bewilder
509,continual
510,ornithoscopy
511,litterateur
512,examinant
513,undivorcedness
514,southeastern
515,municipium
516,courtiership
517,Romanic
518,Yagua
519,omnigenous
520,groose
521,misadvise
522,warbler
523,xerography
524,juju
525,laigh
526,aminomalonic
527,heartsome
528,impersuadableness
529,overdazed
530,Chrysotis
531,carbonite
532,sphenoid
533,whiteblow
534,unresembling
535,extratelluric
536,osteotrophic
537,solenium
538,scleroblastic
539,dissuited
540,hepatauxe
541,medicamentous
542,macroseptum
543,run
544,roadway
545,feoff
546,lamplight
547,angiocarpic
548,sithe
549,Carabini
550,pot
551,unofficious
552,languid
553,hexastichon
554,happenstance
555,dioecious
556,protostome
557,girdling
558,inframarginal
559,Sabia
560,priesteen
561,antitheistical
562,Apterygidae
563,eyesight
564,keck
565,demonetization
566,tasu
567,gog
568,jokesome
569,tugging
570,maney
571,sphygmometer
572,brominism
573,rearise
574,oleous
575,Lappa
576,quinquertium
577,sacramentality
578,stepmother
579,unfearful
580,handgrip
581,Opisthocoelia
582,crystallic
583,twae
584,numerant
585,mortuous
586,homestead
587,gadid
588,vanward
589,windstorm
590,bibliotaph
591,idoneousness
592,squelching
593,beboss
594,Scottisher
595,folliculous
596,affableness
597,bebathe
598,mool
599,unwastingly
